{
   "4":{
      "country_code":"004",
      "currency":"afghani",
      "currency_code":"AFN",
      "currency_sub_unit":"pul",
      "full_name":"Islamic Republic of Afghanistan",
      "iso_2":"AF",
      "iso_3":"AFG",
      "name":"Afghanistan",
      "region_code":"142",
      "sub_region_code":"034",
      "calling_code":"93",
      "currency_symbol":"\u060b"
   },
   "8":{
      "country_code":"008",
      "currency":"lek",
      "currency_code":"ALL",
      "currency_sub_unit":"(qindar (pl. qindarka))",
      "full_name":"Republic of Albania",
      "iso_2":"AL",
      "iso_3":"ALB",
      "name":"Albania",
      "region_code":"150",
      "sub_region_code":"039",
      "calling_code":"355",
      "currency_symbol":"Lek"
   },
   "10":{
      "country_code":"010",
      "currency":"",
      "currency_code":"",
      "currency_sub_unit":"",
      "full_name":"Antarctica",
      "iso_2":"AQ",
      "iso_3":"ATA",
      "name":"Antarctica",
      "region_code":"",
      "sub_region_code":"",
      "calling_code":"672",
      "currency_symbol":""
   },
   "12":{
      "country_code":"012",
      "currency":"Algerian dinar",
      "currency_code":"DZD",
      "currency_sub_unit":"centime",
      "full_name":"People\u2019s Democratic Republic of Algeria",
      "iso_2":"DZ",
      "iso_3":"DZA",
      "name":"Algeria",
      "region_code":"002",
      "sub_region_code":"015",
      "calling_code":"213",
      "currency_symbol":"DZD"
   },
   "16":{
      "country_code":"016",
      "currency":"US dollar",
      "currency_code":"USD",
      "currency_sub_unit":"cent",
      "full_name":"Territory of American",
      "iso_2":"AS",
      "iso_3":"ASM",
      "name":"American Samoa",
      "region_code":"009",
      "sub_region_code":"061",
      "calling_code":"1",
      "currency_symbol":"$"
   },
   "20":{
      "country_code":"020",
      "currency":"euro",
      "currency_code":"EUR",
      "currency_sub_unit":"cent",
      "full_name":"Principality of Andorra",
      "iso_2":"AD",
      "iso_3":"AND",
      "name":"Andorra",
      "region_code":"150",
      "sub_region_code":"039",
      "calling_code":"376",
      "currency_symbol":"\u20ac"
   },
   "24":{
      "country_code":"024",
      "currency":"kwanza",
      "currency_code":"AOA",
      "currency_sub_unit":"c\u00eantimo",
      "full_name":"Republic of Angola",
      "iso_2":"AO",
      "iso_3":"AGO",
      "name":"Angola",
      "region_code":"002",
      "sub_region_code":"017",
      "calling_code":"244",
      "currency_symbol":"Kz"
   },
   "28":{
      "country_code":"028",
      "currency":"East Caribbean dollar",
      "currency_code":"XCD",
      "currency_sub_unit":"cent",
      "full_name":"Antigua and Barbuda",
      "iso_2":"AG",
      "iso_3":"ATG",
      "name":"Antigua and Barbuda",
      "region_code":"019",
      "sub_region_code":"029",
      "calling_code":"1",
      "currency_symbol":"$"
   },
   "31":{
      "country_code":"031",
      "currency":"Azerbaijani manat",
      "currency_code":"AZN",
      "currency_sub_unit":"kepik (inv.)",
      "full_name":"Republic of Azerbaijan",
      "iso_2":"AZ",
      "iso_3":"AZE",
      "name":"Azerbaijan",
      "region_code":"142",
      "sub_region_code":"145",
      "calling_code":"994",
      "currency_symbol":"\u043c\u0430\u043d"
   },
   "32":{
      "country_code":"032",
      "currency":"Argentine peso",
      "currency_code":"ARS",
      "currency_sub_unit":"centavo",
      "full_name":"Argentine Republic",
      "iso_2":"AR",
      "iso_3":"ARG",
      "name":"Argentina",
      "region_code":"019",
      "sub_region_code":"005",
      "calling_code":"54",
      "currency_symbol":"$"
   },
   "36":{
      "country_code":"036",
      "currency":"Australian dollar",
      "currency_code":"AUD",
      "currency_sub_unit":"cent",
      "full_name":"Commonwealth of Australia",
      "iso_2":"AU",
      "iso_3":"AUS",
      "name":"Australia",
      "region_code":"009",
      "sub_region_code":"053",
      "calling_code":"61",
      "currency_symbol":"$"
   },
   "40":{
      "country_code":"040",
      "currency":"euro",
      "currency_code":"EUR",
      "currency_sub_unit":"cent",
      "full_name":"Republic of Austria",
      "iso_2":"AT",
      "iso_3":"AUT",
      "name":"Austria",
      "region_code":"150",
      "sub_region_code":"155",
      "calling_code":"43",
      "currency_symbol":"\u20ac"
   },
   "44":{
      "country_code":"044",
      "currency":"Bahamian dollar",
      "currency_code":"BSD",
      "currency_sub_unit":"cent",
      "full_name":"Commonwealth of the Bahamas",
      "iso_2":"BS",
      "iso_3":"BHS",
      "name":"Bahamas",
      "region_code":"019",
      "sub_region_code":"029",
      "calling_code":"1",
      "currency_symbol":"$"
   },
   "48":{
      "country_code":"048",
      "currency":"Bahraini dinar",
      "currency_code":"BHD",
      "currency_sub_unit":"fils (inv.)",
      "full_name":"Kingdom of Bahrain",
      "iso_2":"BH",
      "iso_3":"BHR",
      "name":"Bahrain",
      "region_code":"142",
      "sub_region_code":"145",
      "calling_code":"973",
      "currency_symbol":"BHD"
   },
   "50":{
      "country_code":"050",
      "currency":"taka (inv.)",
      "currency_code":"BDT",
      "currency_sub_unit":"poisha (inv.)",
      "full_name":"People\u2019s Republic of Bangladesh",
      "iso_2":"BD",
      "iso_3":"BGD",
      "name":"Bangladesh",
      "region_code":"142",
      "sub_region_code":"034",
      "calling_code":"880",
      "currency_symbol":"BDT"
   },
   "51":{
      "country_code":"051",
      "currency":"dram (inv.)",
      "currency_code":"AMD",
      "currency_sub_unit":"luma",
      "full_name":"Republic of Armenia",
      "iso_2":"AM",
      "iso_3":"ARM",
      "name":"Armenia",
      "region_code":"142",
      "sub_region_code":"145",
      "calling_code":"374",
      "currency_symbol":"AMD"
   },
   "52":{
      "country_code":"052",
      "currency":"Barbados dollar",
      "currency_code":"BBD",
      "currency_sub_unit":"cent",
      "full_name":"Barbados",
      "iso_2":"BB",
      "iso_3":"BRB",
      "name":"Barbados",
      "region_code":"019",
      "sub_region_code":"029",
      "calling_code":"1",
      "currency_symbol":"$"
   },
   "56":{
      "country_code":"056",
      "currency":"euro",
      "currency_code":"EUR",
      "currency_sub_unit":"cent",
      "full_name":"Kingdom of Belgium",
      "iso_2":"BE",
      "iso_3":"BEL",
      "name":"Belgium",
      "region_code":"150",
      "sub_region_code":"155",
      "calling_code":"32",
      "currency_symbol":"\u20ac"
   },
   "60":{
      "country_code":"060",
      "currency":"Bermuda dollar",
      "currency_code":"BMD",
      "currency_sub_unit":"cent",
      "full_name":"Bermuda",
      "iso_2":"BM",
      "iso_3":"BMU",
      "name":"Bermuda",
      "region_code":"019",
      "sub_region_code":"021",
      "calling_code":"1",
      "currency_symbol":"$"
   },
   "64":{
      "country_code":"064",
      "currency":"ngultrum (inv.)",
      "currency_code":"BTN",
      "currency_sub_unit":"chhetrum (inv.)",
      "full_name":"Kingdom of Bhutan",
      "iso_2":"BT",
      "iso_3":"BTN",
      "name":"Bhutan",
      "region_code":"142",
      "sub_region_code":"034",
      "calling_code":"975",
      "currency_symbol":"BTN"
   },
   "68":{
      "country_code":"068",
      "currency":"boliviano",
      "currency_code":"BOB",
      "currency_sub_unit":"centavo",
      "full_name":"Plurinational State of Bolivia",
      "iso_2":"BO",
      "iso_3":"BOL",
      "name":"Bolivia, Plurinational State of",
      "region_code":"019",
      "sub_region_code":"005",
      "calling_code":"591",
      "currency_symbol":"$b"
   },
   "70":{
      "country_code":"070",
      "currency":"convertible mark",
      "currency_code":"BAM",
      "currency_sub_unit":"fening",
      "full_name":"Bosnia and Herzegovina",
      "iso_2":"BA",
      "iso_3":"BIH",
      "name":"Bosnia and Herzegovina",
      "region_code":"150",
      "sub_region_code":"039",
      "calling_code":"387",
      "currency_symbol":"KM"
   },
   "72":{
      "country_code":"072",
      "currency":"pula (inv.)",
      "currency_code":"BWP",
      "currency_sub_unit":"thebe (inv.)",
      "full_name":"Republic of Botswana",
      "iso_2":"BW",
      "iso_3":"BWA",
      "name":"Botswana",
      "region_code":"002",
      "sub_region_code":"018",
      "calling_code":"267",
      "currency_symbol":"P"
   },
   "74":{
      "country_code":"074",
      "currency":"",
      "currency_code":"",
      "currency_sub_unit":"",
      "full_name":"Bouvet Island",
      "iso_2":"BV",
      "iso_3":"BVT",
      "name":"Bouvet Island",
      "region_code":"",
      "sub_region_code":"",
      "calling_code":"47",
      "currency_symbol":"kr"
   },
   "76":{
      "country_code":"076",
      "currency":"real (pl. reais)",
      "currency_code":"BRL",
      "currency_sub_unit":"centavo",
      "full_name":"Federative Republic of Brazil",
      "iso_2":"BR",
      "iso_3":"BRA",
      "name":"Brazil",
      "region_code":"019",
      "sub_region_code":"005",
      "calling_code":"55",
      "currency_symbol":"R$"
   },
   "84":{
      "country_code":"084",
      "currency":"Belize dollar",
      "currency_code":"BZD",
      "currency_sub_unit":"cent",
      "full_name":"Belize",
      "iso_2":"BZ",
      "iso_3":"BLZ",
      "name":"Belize",
      "region_code":"019",
      "sub_region_code":"013",
      "calling_code":"501",
      "currency_symbol":"BZ$"
   },
   "86":{
      "country_code":"086",
      "currency":"US dollar",
      "currency_code":"USD",
      "currency_sub_unit":"cent",
      "full_name":"British Indian Ocean Territory",
      "iso_2":"IO",
      "iso_3":"IOT",
      "name":"British Indian Ocean Territory",
      "region_code":"",
      "sub_region_code":"",
      "calling_code":"246",
      "currency_symbol":"$"
   },
   "90":{
      "country_code":"090",
      "currency":"Solomon Islands dollar",
      "currency_code":"SBD",
      "currency_sub_unit":"cent",
      "full_name":"Solomon Islands",
      "iso_2":"SB",
      "iso_3":"SLB",
      "name":"Solomon Islands",
      "region_code":"009",
      "sub_region_code":"054",
      "calling_code":"677",
      "currency_symbol":"$"
   },
   "92":{
      "country_code":"092",
      "currency":"US dollar",
      "currency_code":"USD",
      "currency_sub_unit":"cent",
      "full_name":"British Virgin Islands",
      "iso_2":"VG",
      "iso_3":"VGB",
      "name":"Virgin Islands, British",
      "region_code":"019",
      "sub_region_code":"029",
      "calling_code":"1",
      "currency_symbol":"$"
   },
   "96":{
      "country_code":"096",
      "currency":"Brunei dollar",
      "currency_code":"BND",
      "currency_sub_unit":"sen (inv.)",
      "full_name":"Brunei Darussalam",
      "iso_2":"BN",
      "iso_3":"BRN",
      "name":"Brunei Darussalam",
      "region_code":"142",
      "sub_region_code":"035",
      "calling_code":"673",
      "currency_symbol":"$"
   },
   "100":{
      "country_code":"100",
      "currency":"lev (pl. leva)",
      "currency_code":"BGN",
      "currency_sub_unit":"stotinka",
      "full_name":"Republic of Bulgaria",
      "iso_2":"BG",
      "iso_3":"BGR",
      "name":"Bulgaria",
      "region_code":"150",
      "sub_region_code":"151",
      "calling_code":"359",
      "currency_symbol":"\u043b\u0432"
   },
   "104":{
      "country_code":"104",
      "currency":"kyat",
      "currency_code":"MMK",
      "currency_sub_unit":"pya",
      "full_name":"Union of Myanmar\/",
      "iso_2":"MM",
      "iso_3":"MMR",
      "name":"Myanmar",
      "region_code":"142",
      "sub_region_code":"035",
      "calling_code":"95",
      "currency_symbol":"K"
   },
   "108":{
      "country_code":"108",
      "currency":"Burundi franc",
      "currency_code":"BIF",
      "currency_sub_unit":"centime",
      "full_name":"Republic of Burundi",
      "iso_2":"BI",
      "iso_3":"BDI",
      "name":"Burundi",
      "region_code":"002",
      "sub_region_code":"014",
      "calling_code":"257",
      "currency_symbol":"BIF"
   },
   "112":{
      "country_code":"112",
      "currency":"Belarusian rouble",
      "currency_code":"BYR",
      "currency_sub_unit":"kopek",
      "full_name":"Republic of Belarus",
      "iso_2":"BY",
      "iso_3":"BLR",
      "name":"Belarus",
      "region_code":"150",
      "sub_region_code":"151",
      "calling_code":"375",
      "currency_symbol":"p."
   },
   "116":{
      "country_code":"116",
      "currency":"riel",
      "currency_code":"KHR",
      "currency_sub_unit":"sen (inv.)",
      "full_name":"Kingdom of Cambodia",
      "iso_2":"KH",
      "iso_3":"KHM",
      "name":"Cambodia",
      "region_code":"142",
      "sub_region_code":"035",
      "calling_code":"855",
      "currency_symbol":"\u17db"
   },
   "120":{
      "country_code":"120",
      "currency":"CFA franc (BEAC)",
      "currency_code":"XAF",
      "currency_sub_unit":"centime",
      "full_name":"Republic of Cameroon",
      "iso_2":"CM",
      "iso_3":"CMR",
      "name":"Cameroon",
      "region_code":"002",
      "sub_region_code":"017",
      "calling_code":"237",
      "currency_symbol":"FCF"
   },
   "124":{
      "country_code":"124",
      "currency":"Canadian dollar",
      "currency_code":"CAD",
      "currency_sub_unit":"cent",
      "full_name":"Canada",
      "iso_2":"CA",
      "iso_3":"CAN",
      "name":"Canada",
      "region_code":"019",
      "sub_region_code":"021",
      "calling_code":"1",
      "currency_symbol":"$"
   },
   "132":{
      "country_code":"132",
      "currency":"Cape Verde escudo",
      "currency_code":"CVE",
      "currency_sub_unit":"centavo",
      "full_name":"Republic of Cape Verde",
      "iso_2":"CV",
      "iso_3":"CPV",
      "name":"Cape Verde",
      "region_code":"002",
      "sub_region_code":"011",
      "calling_code":"238",
      "currency_symbol":"CVE"
   },
   "136":{
      "country_code":"136",
      "currency":"Cayman Islands dollar",
      "currency_code":"KYD",
      "currency_sub_unit":"cent",
      "full_name":"Cayman Islands",
      "iso_2":"KY",
      "iso_3":"CYM",
      "name":"Cayman Islands",
      "region_code":"019",
      "sub_region_code":"029",
      "calling_code":"1",
      "currency_symbol":"$"
   },
   "140":{
      "country_code":"140",
      "currency":"CFA franc (BEAC)",
      "currency_code":"XAF",
      "currency_sub_unit":"centime",
      "full_name":"Central African Republic",
      "iso_2":"CF",
      "iso_3":"CAF",
      "name":"Central African Republic",
      "region_code":"002",
      "sub_region_code":"017",
      "calling_code":"236",
      "currency_symbol":"CFA"
   },
   "144":{
      "country_code":"144",
      "currency":"Sri Lankan rupee",
      "currency_code":"LKR",
      "currency_sub_unit":"cent",
      "full_name":"Democratic Socialist Republic of Sri Lanka",
      "iso_2":"LK",
      "iso_3":"LKA",
      "name":"Sri Lanka",
      "region_code":"142",
      "sub_region_code":"034",
      "calling_code":"94",
      "currency_symbol":"\u20a8"
   },
   "148":{
      "country_code":"148",
      "currency":"CFA franc (BEAC)",
      "currency_code":"XAF",
      "currency_sub_unit":"centime",
      "full_name":"Republic of Chad",
      "iso_2":"TD",
      "iso_3":"TCD",
      "name":"Chad",
      "region_code":"002",
      "sub_region_code":"017",
      "calling_code":"235",
      "currency_symbol":"XAF"
   },
   "152":{
      "country_code":"152",
      "currency":"Chilean peso",
      "currency_code":"CLP",
      "currency_sub_unit":"centavo",
      "full_name":"Republic of Chile",
      "iso_2":"CL",
      "iso_3":"CHL",
      "name":"Chile",
      "region_code":"019",
      "sub_region_code":"005",
      "calling_code":"56",
      "currency_symbol":"CLP"
   },
   "156":{
      "country_code":"156",
      "currency":"renminbi-yuan (inv.)",
      "currency_code":"CNY",
      "currency_sub_unit":"jiao (10)",
      "full_name":"People\u2019s Republic of China",
      "iso_2":"CN",
      "iso_3":"CHN",
      "name":"China",
      "region_code":"142",
      "sub_region_code":"030",
      "calling_code":"86",
      "currency_symbol":"\u00a5"
   },
   "158":{
      "country_code":"158",
      "currency":"new Taiwan dollar",
      "currency_code":"TWD",
      "currency_sub_unit":"fen (inv.)",
      "full_name":"Republic of China, Taiwan (TW1)",
      "iso_2":"TW",
      "iso_3":"TWN",
      "name":"Taiwan, Province of China",
      "region_code":"142",
      "sub_region_code":"030",
      "calling_code":"886",
      "currency_symbol":"NT$"
   },
   "162":{
      "country_code":"162",
      "currency":"Australian dollar",
      "currency_code":"AUD",
      "currency_sub_unit":"cent",
      "full_name":"Christmas Island Territory",
      "iso_2":"CX",
      "iso_3":"CXR",
      "name":"Christmas Island",
      "region_code":"",
      "sub_region_code":"",
      "calling_code":"61",
      "currency_symbol":"$"
   },
   "166":{
      "country_code":"166",
      "currency":"Australian dollar",
      "currency_code":"AUD",
      "currency_sub_unit":"cent",
      "full_name":"Territory of Cocos (Keeling) Islands",
      "iso_2":"CC",
      "iso_3":"CCK",
      "name":"Cocos (Keeling) Islands",
      "region_code":"",
      "sub_region_code":"",
      "calling_code":"61",
      "currency_symbol":"$"
   },
   "170":{
      "country_code":"170",
      "currency":"Colombian peso",
      "currency_code":"COP",
      "currency_sub_unit":"centavo",
      "full_name":"Republic of Colombia",
      "iso_2":"CO",
      "iso_3":"COL",
      "name":"Colombia",
      "region_code":"019",
      "sub_region_code":"005",
      "calling_code":"57",
      "currency_symbol":"$"
   },
   "174":{
      "country_code":"174",
      "currency":"Comorian franc",
      "currency_code":"KMF",
      "currency_sub_unit":"",
      "full_name":"Union of the Comoros",
      "iso_2":"KM",
      "iso_3":"COM",
      "name":"Comoros",
      "region_code":"002",
      "sub_region_code":"014",
      "calling_code":"269",
      "currency_symbol":"KMF"
   },
   "175":{
      "country_code":"175",
      "currency":"euro",
      "currency_code":"EUR",
      "currency_sub_unit":"cent",
      "full_name":"Departmental Collectivity of Mayotte",
      "iso_2":"YT",
      "iso_3":"MYT",
      "name":"Mayotte",
      "region_code":"002",
      "sub_region_code":"014",
      "calling_code":"262",
      "currency_symbol":"\u20ac"
   },
   "178":{
      "country_code":"178",
      "currency":"CFA franc (BEAC)",
      "currency_code":"XAF",
      "currency_sub_unit":"centime",
      "full_name":"Republic of the Congo",
      "iso_2":"CG",
      "iso_3":"COG",
      "name":"Congo",
      "region_code":"002",
      "sub_region_code":"017",
      "calling_code":"242",
      "currency_symbol":"FCF"
   },
   "180":{
      "country_code":"180",
      "currency":"Congolese franc",
      "currency_code":"CDF",
      "currency_sub_unit":"centime",
      "full_name":"Democratic Republic of the Congo",
      "iso_2":"CD",
      "iso_3":"COD",
      "name":"Congo, the Democratic Republic of the",
      "region_code":"002",
      "sub_region_code":"017",
      "calling_code":"243",
      "currency_symbol":"CDF"
   },
   "184":{
      "country_code":"184",
      "currency":"New Zealand dollar",
      "currency_code":"NZD",
      "currency_sub_unit":"cent",
      "full_name":"Cook Islands",
      "iso_2":"CK",
      "iso_3":"COK",
      "name":"Cook Islands",
      "region_code":"009",
      "sub_region_code":"061",
      "calling_code":"682",
      "currency_symbol":"$"
   },
   "188":{
      "country_code":"188",
      "currency":"Costa Rican col\u00f3n (pl. colones)",
      "currency_code":"CRC",
      "currency_sub_unit":"c\u00e9ntimo",
      "full_name":"Republic of Costa Rica",
      "iso_2":"CR",
      "iso_3":"CRI",
      "name":"Costa Rica",
      "region_code":"019",
      "sub_region_code":"013",
      "calling_code":"506",
      "currency_symbol":"\u20a1"
   },
   "191":{
      "country_code":"191",
      "currency":"kuna (inv.)",
      "currency_code":"HRK",
      "currency_sub_unit":"lipa (inv.)",
      "full_name":"Republic of Croatia",
      "iso_2":"HR",
      "iso_3":"HRV",
      "name":"Croatia",
      "region_code":"150",
      "sub_region_code":"039",
      "calling_code":"385",
      "currency_symbol":"kn"
   },
   "192":{
      "country_code":"192",
      "currency":"Cuban peso",
      "currency_code":"CUP",
      "currency_sub_unit":"centavo",
      "full_name":"Republic of Cuba",
      "iso_2":"CU",
      "iso_3":"CUB",
      "name":"Cuba",
      "region_code":"019",
      "sub_region_code":"029",
      "calling_code":"53",
      "currency_symbol":"\u20b1"
   },
   "196":{
      "country_code":"196",
      "currency":"euro",
      "currency_code":"EUR",
      "currency_sub_unit":"cent",
      "full_name":"Republic of Cyprus",
      "iso_2":"CY",
      "iso_3":"CYP",
      "name":"Cyprus",
      "region_code":"142",
      "sub_region_code":"145",
      "calling_code":"357",
      "currency_symbol":"CYP"
   },
   "203":{
      "country_code":"203",
      "currency":"Czech koruna (pl. koruny)",
      "currency_code":"CZK",
      "currency_sub_unit":"hal\u00e9r",
      "full_name":"Czech Republic",
      "iso_2":"CZ",
      "iso_3":"CZE",
      "name":"Czech Republic",
      "region_code":"150",
      "sub_region_code":"151",
      "calling_code":"420",
      "currency_symbol":"K\u010d"
   },
   "204":{
      "country_code":"204",
      "currency":"CFA franc (BCEAO)",
      "currency_code":"XOF",
      "currency_sub_unit":"centime",
      "full_name":"Republic of Benin",
      "iso_2":"BJ",
      "iso_3":"BEN",
      "name":"Benin",
      "region_code":"002",
      "sub_region_code":"011",
      "calling_code":"229",
      "currency_symbol":"XOF"
   },
   "208":{
      "country_code":"208",
      "currency":"Danish krone",
      "currency_code":"DKK",
      "currency_sub_unit":"\u00f8re (inv.)",
      "full_name":"Kingdom of Denmark",
      "iso_2":"DK",
      "iso_3":"DNK",
      "name":"Denmark",
      "region_code":"150",
      "sub_region_code":"154",
      "calling_code":"45",
      "currency_symbol":"kr"
   },
   "212":{
      "country_code":"212",
      "currency":"East Caribbean dollar",
      "currency_code":"XCD",
      "currency_sub_unit":"cent",
      "full_name":"Commonwealth of Dominica",
      "iso_2":"DM",
      "iso_3":"DMA",
      "name":"Dominica",
      "region_code":"019",
      "sub_region_code":"029",
      "calling_code":"1",
      "currency_symbol":"$"
   },
   "214":{
      "country_code":"214",
      "currency":"Dominican peso",
      "currency_code":"DOP",
      "currency_sub_unit":"centavo",
      "full_name":"Dominican Republic",
      "iso_2":"DO",
      "iso_3":"DOM",
      "name":"Dominican Republic",
      "region_code":"019",
      "sub_region_code":"029",
      "calling_code":"1",
      "currency_symbol":"RD$"
   },
   "218":{
      "country_code":"218",
      "currency":"US dollar",
      "currency_code":"USD",
      "currency_sub_unit":"cent",
      "full_name":"Republic of Ecuador",
      "iso_2":"EC",
      "iso_3":"ECU",
      "name":"Ecuador",
      "region_code":"019",
      "sub_region_code":"005",
      "calling_code":"593",
      "currency_symbol":"$"
   },
   "222":{
      "country_code":"222",
      "currency":"Salvadorian col\u00f3n (pl. colones)",
      "currency_code":"SVC",
      "currency_sub_unit":"centavo",
      "full_name":"Republic of El Salvador",
      "iso_2":"SV",
      "iso_3":"SLV",
      "name":"El Salvador",
      "region_code":"019",
      "sub_region_code":"013",
      "calling_code":"503",
      "currency_symbol":"$"
   },
   "226":{
      "country_code":"226",
      "currency":"CFA franc (BEAC)",
      "currency_code":"XAF",
      "currency_sub_unit":"centime",
      "full_name":"Republic of Equatorial Guinea",
      "iso_2":"GQ",
      "iso_3":"GNQ",
      "name":"Equatorial Guinea",
      "region_code":"002",
      "sub_region_code":"017",
      "calling_code":"240",
      "currency_symbol":"FCF"
   },
   "231":{
      "country_code":"231",
      "currency":"birr (inv.)",
      "currency_code":"ETB",
      "currency_sub_unit":"cent",
      "full_name":"Federal Democratic Republic of Ethiopia",
      "iso_2":"ET",
      "iso_3":"ETH",
      "name":"Ethiopia",
      "region_code":"002",
      "sub_region_code":"014",
      "calling_code":"251",
      "currency_symbol":"ETB"
   },
   "232":{
      "country_code":"232",
      "currency":"nakfa",
      "currency_code":"ERN",
      "currency_sub_unit":"cent",
      "full_name":"State of Eritrea",
      "iso_2":"ER",
      "iso_3":"ERI",
      "name":"Eritrea",
      "region_code":"002",
      "sub_region_code":"014",
      "calling_code":"291",
      "currency_symbol":"Nfk"
   },
   "233":{
      "country_code":"233",
      "currency":"euro",
      "currency_code":"EUR",
      "currency_sub_unit":"cent",
      "full_name":"Republic of Estonia",
      "iso_2":"EE",
      "iso_3":"EST",
      "name":"Estonia",
      "region_code":"150",
      "sub_region_code":"154",
      "calling_code":"372",
      "currency_symbol":"kr"
   },
   "234":{
      "country_code":"234",
      "currency":"Danish krone",
      "currency_code":"DKK",
      "currency_sub_unit":"\u00f8re (inv.)",
      "full_name":"Faeroe Islands",
      "iso_2":"FO",
      "iso_3":"FRO",
      "name":"Faroe Islands",
      "region_code":"150",
      "sub_region_code":"154",
      "calling_code":"298",
      "currency_symbol":"kr"
   },
   "238":{
      "country_code":"238",
      "currency":"Falkland Islands pound",
      "currency_code":"FKP",
      "currency_sub_unit":"new penny",
      "full_name":"Falkland Islands",
      "iso_2":"FK",
      "iso_3":"FLK",
      "name":"Falkland Islands (Malvinas)",
      "region_code":"019",
      "sub_region_code":"005",
      "calling_code":"500",
      "currency_symbol":"\u00a3"
   },
   "239":{
      "country_code":"239",
      "currency":"",
      "currency_code":"",
      "currency_sub_unit":"",
      "full_name":"South Georgia and the South Sandwich Islands",
      "iso_2":"GS",
      "iso_3":"SGS",
      "name":"South Georgia and the South Sandwich Islands",
      "region_code":"",
      "sub_region_code":"",
      "calling_code":"44",
      "currency_symbol":"\u00a3"
   },
   "242":{
      "country_code":"242",
      "currency":"Fiji dollar",
      "currency_code":"FJD",
      "currency_sub_unit":"cent",
      "full_name":"Republic of Fiji",
      "iso_2":"FJ",
      "iso_3":"FJI",
      "name":"Fiji",
      "region_code":"009",
      "sub_region_code":"054",
      "calling_code":"679",
      "currency_symbol":"$"
   },
   "246":{
      "country_code":"246",
      "currency":"euro",
      "currency_code":"EUR",
      "currency_sub_unit":"cent",
      "full_name":"Republic of Finland",
      "iso_2":"FI",
      "iso_3":"FIN",
      "name":"Finland",
      "region_code":"150",
      "sub_region_code":"154",
      "calling_code":"358",
      "currency_symbol":"\u20ac"
   },
   "248":{
      "country_code":"248",
      "currency":"euro",
      "currency_code":"EUR",
      "currency_sub_unit":"cent",
      "full_name":"\u00c5land Islands",
      "iso_2":"AX",
      "iso_3":"ALA",
      "name":"\u00c5land Islands",
      "region_code":"150",
      "sub_region_code":"154",
      "calling_code":"358",
      "currency_symbol":""
   },
   "250":{
      "country_code":"250",
      "currency":"euro",
      "currency_code":"EUR",
      "currency_sub_unit":"cent",
      "full_name":"French Republic",
      "iso_2":"FR",
      "iso_3":"FRA",
      "name":"France",
      "region_code":"150",
      "sub_region_code":"155",
      "calling_code":"33",
      "currency_symbol":"\u20ac"
   },
   "254":{
      "country_code":"254",
      "currency":"euro",
      "currency_code":"EUR",
      "currency_sub_unit":"cent",
      "full_name":"French Guiana",
      "iso_2":"GF",
      "iso_3":"GUF",
      "name":"French Guiana",
      "region_code":"019",
      "sub_region_code":"005",
      "calling_code":"594",
      "currency_symbol":"\u20ac"
   },
   "258":{
      "country_code":"258",
      "currency":"CFP franc",
      "currency_code":"XPF",
      "currency_sub_unit":"centime",
      "full_name":"French Polynesia",
      "iso_2":"PF",
      "iso_3":"PYF",
      "name":"French Polynesia",
      "region_code":"009",
      "sub_region_code":"061",
      "calling_code":"689",
      "currency_symbol":"XPF"
   },
   "260":{
      "country_code":"260",
      "currency":"euro",
      "currency_code":"EUR",
      "currency_sub_unit":"cent",
      "full_name":"French Southern and Antarctic Lands",
      "iso_2":"TF",
      "iso_3":"ATF",
      "name":"French Southern Territories",
      "region_code":"",
      "sub_region_code":"",
      "calling_code":"33",
      "currency_symbol":"\u20ac"
   },
   "262":{
      "country_code":"262",
      "currency":"Djibouti franc",
      "currency_code":"DJF",
      "currency_sub_unit":"",
      "full_name":"Republic of Djibouti",
      "iso_2":"DJ",
      "iso_3":"DJI",
      "name":"Djibouti",
      "region_code":"002",
      "sub_region_code":"014",
      "calling_code":"253",
      "currency_symbol":"DJF"
   },
   "266":{
      "country_code":"266",
      "currency":"CFA franc (BEAC)",
      "currency_code":"XAF",
      "currency_sub_unit":"centime",
      "full_name":"Gabonese Republic",
      "iso_2":"GA",
      "iso_3":"GAB",
      "name":"Gabon",
      "region_code":"002",
      "sub_region_code":"017",
      "calling_code":"241",
      "currency_symbol":"FCF"
   },
   "268":{
      "country_code":"268",
      "currency":"lari",
      "currency_code":"GEL",
      "currency_sub_unit":"tetri (inv.)",
      "full_name":"Georgia",
      "iso_2":"GE",
      "iso_3":"GEO",
      "name":"Georgia",
      "region_code":"142",
      "sub_region_code":"145",
      "calling_code":"995",
      "currency_symbol":"GEL"
   },
   "270":{
      "country_code":"270",
      "currency":"dalasi (inv.)",
      "currency_code":"GMD",
      "currency_sub_unit":"butut",
      "full_name":"Republic of the Gambia",
      "iso_2":"GM",
      "iso_3":"GMB",
      "name":"Gambia",
      "region_code":"002",
      "sub_region_code":"011",
      "calling_code":"220",
      "currency_symbol":"D"
   },
   "275":{
      "country_code":"275",
      "iso_2":"PS",
      "iso_3":"PSE",
      "name":"Palestinian Territory, Occupied",
      "region_code":"142",
      "sub_region_code":"145",
      "calling_code":"970",
      "currency_symbol":"\u20aa"
   },
   "276":{
      "country_code":"276",
      "currency":"euro",
      "currency_code":"EUR",
      "currency_sub_unit":"cent",
      "full_name":"Federal Republic of Germany",
      "iso_2":"DE",
      "iso_3":"DEU",
      "name":"Germany",
      "region_code":"150",
      "sub_region_code":"155",
      "calling_code":"49",
      "currency_symbol":"\u20ac"
   },
   "288":{
      "country_code":"288",
      "currency":"Ghana cedi",
      "currency_code":"GHS",
      "currency_sub_unit":"pesewa",
      "full_name":"Republic of Ghana",
      "iso_2":"GH",
      "iso_3":"GHA",
      "name":"Ghana",
      "region_code":"002",
      "sub_region_code":"011",
      "calling_code":"233",
      "currency_symbol":"\u00a2"
   },
   "292":{
      "country_code":"292",
      "currency":"Gibraltar pound",
      "currency_code":"GIP",
      "currency_sub_unit":"penny",
      "full_name":"Gibraltar",
      "iso_2":"GI",
      "iso_3":"GIB",
      "name":"Gibraltar",
      "region_code":"150",
      "sub_region_code":"039",
      "calling_code":"350",
      "currency_symbol":"\u00a3"
   },
   "296":{
      "country_code":"296",
      "currency":"Australian dollar",
      "currency_code":"AUD",
      "currency_sub_unit":"cent",
      "full_name":"Republic of Kiribati",
      "iso_2":"KI",
      "iso_3":"KIR",
      "name":"Kiribati",
      "region_code":"009",
      "sub_region_code":"057",
      "calling_code":"686",
      "currency_symbol":"$"
   },
   "300":{
      "country_code":"300",
      "currency":"euro",
      "currency_code":"EUR",
      "currency_sub_unit":"cent",
      "full_name":"Hellenic Republic",
      "iso_2":"GR",
      "iso_3":"GRC",
      "name":"Greece",
      "region_code":"150",
      "sub_region_code":"039",
      "calling_code":"30",
      "currency_symbol":"\u20ac"
   },
   "304":{
      "country_code":"304",
      "currency":"Danish krone",
      "currency_code":"DKK",
      "currency_sub_unit":"\u00f8re (inv.)",
      "full_name":"Greenland",
      "iso_2":"GL",
      "iso_3":"GRL",
      "name":"Greenland",
      "region_code":"019",
      "sub_region_code":"021",
      "calling_code":"299",
      "currency_symbol":"kr"
   },
   "308":{
      "country_code":"308",
      "currency":"East Caribbean dollar",
      "currency_code":"XCD",
      "currency_sub_unit":"cent",
      "full_name":"Grenada",
      "iso_2":"GD",
      "iso_3":"GRD",
      "name":"Grenada",
      "region_code":"019",
      "sub_region_code":"029",
      "calling_code":"1",
      "currency_symbol":"$"
   },
   "312":{
      "country_code":"312",
      "currency":"euro",
      "currency_code":"EUR",
      "currency_sub_unit":"cent",
      "full_name":"Guadeloupe",
      "iso_2":"GP",
      "iso_3":"GLP",
      "name":"Guadeloupe",
      "region_code":"019",
      "sub_region_code":"029",
      "calling_code":"590",
      "currency_symbol":"\u20ac"
   },
   "316":{
      "country_code":"316",
      "currency":"US dollar",
      "currency_code":"USD",
      "currency_sub_unit":"cent",
      "full_name":"Territory of Guam",
      "iso_2":"GU",
      "iso_3":"GUM",
      "name":"Guam",
      "region_code":"009",
      "sub_region_code":"057",
      "calling_code":"1",
      "currency_symbol":"$"
   },
   "320":{
      "country_code":"320",
      "currency":"quetzal (pl. quetzales)",
      "currency_code":"GTQ",
      "currency_sub_unit":"centavo",
      "full_name":"Republic of Guatemala",
      "iso_2":"GT",
      "iso_3":"GTM",
      "name":"Guatemala",
      "region_code":"019",
      "sub_region_code":"013",
      "calling_code":"502",
      "currency_symbol":"Q"
   },
   "324":{
      "country_code":"324",
      "currency":"Guinean franc",
      "currency_code":"GNF",
      "currency_sub_unit":"",
      "full_name":"Republic of Guinea",
      "iso_2":"GN",
      "iso_3":"GIN",
      "name":"Guinea",
      "region_code":"002",
      "sub_region_code":"011",
      "calling_code":"224",
      "currency_symbol":"GNF"
   },
   "328":{
      "country_code":"328",
      "currency":"Guyana dollar",
      "currency_code":"GYD",
      "currency_sub_unit":"cent",
      "full_name":"Cooperative Republic of Guyana",
      "iso_2":"GY",
      "iso_3":"GUY",
      "name":"Guyana",
      "region_code":"019",
      "sub_region_code":"005",
      "calling_code":"592",
      "currency_symbol":"$"
   },
   "332":{
      "country_code":"332",
      "currency":"gourde",
      "currency_code":"HTG",
      "currency_sub_unit":"centime",
      "full_name":"Republic of Haiti",
      "iso_2":"HT",
      "iso_3":"HTI",
      "name":"Haiti",
      "region_code":"019",
      "sub_region_code":"029",
      "calling_code":"509",
      "currency_symbol":"G"
   },
   "334":{
      "country_code":"334",
      "currency":"",
      "currency_code":"",
      "currency_sub_unit":"",
      "full_name":"Territory of Heard Island and McDonald Islands",
      "iso_2":"HM",
      "iso_3":"HMD",
      "name":"Heard Island and McDonald Islands",
      "region_code":"",
      "sub_region_code":"",
      "calling_code":"61",
      "currency_symbol":"$"
   },
   "336":{
      "country_code":"336",
      "currency":"euro",
      "currency_code":"EUR",
      "currency_sub_unit":"cent",
      "full_name":"the Holy See\/ Vatican City State",
      "iso_2":"VA",
      "iso_3":"VAT",
      "name":"Holy See (Vatican City State)",
      "region_code":"150",
      "sub_region_code":"039",
      "calling_code":"39",
      "currency_symbol":"\u20ac"
   },
   "340":{
      "country_code":"340",
      "currency":"lempira",
      "currency_code":"HNL",
      "currency_sub_unit":"centavo",
      "full_name":"Republic of Honduras",
      "iso_2":"HN",
      "iso_3":"HND",
      "name":"Honduras",
      "region_code":"019",
      "sub_region_code":"013",
      "calling_code":"504",
      "currency_symbol":"L"
   },
   "344":{
      "country_code":"344",
      "currency":"Hong Kong dollar",
      "currency_code":"HKD",
      "currency_sub_unit":"cent",
      "full_name":"Hong Kong Special Administrative Region of the People\u2019s Republic of China (HK2)",
      "iso_2":"HK",
      "iso_3":"HKG",
      "name":"Hong Kong",
      "region_code":"142",
      "sub_region_code":"030",
      "calling_code":"852",
      "currency_symbol":"$"
   },
   "348":{
      "country_code":"348",
      "currency":"forint (inv.)",
      "currency_code":"HUF",
      "currency_sub_unit":"(fill\u00e9r (inv.))",
      "full_name":"Republic of Hungary",
      "iso_2":"HU",
      "iso_3":"HUN",
      "name":"Hungary",
      "region_code":"150",
      "sub_region_code":"151",
      "calling_code":"36",
      "currency_symbol":"Ft"
   },
   "352":{
      "country_code":"352",
      "currency":"kr\u00f3na (pl. kr\u00f3nur)",
      "currency_code":"ISK",
      "currency_sub_unit":"",
      "full_name":"Republic of Iceland",
      "iso_2":"IS",
      "iso_3":"ISL",
      "name":"Iceland",
      "region_code":"150",
      "sub_region_code":"154",
      "calling_code":"354",
      "currency_symbol":"kr"
   },
   "356":{
      "country_code":"356",
      "currency":"Indian rupee",
      "currency_code":"INR",
      "currency_sub_unit":"paisa",
      "full_name":"Republic of India",
      "iso_2":"IN",
      "iso_3":"IND",
      "name":"India",
      "region_code":"142",
      "sub_region_code":"034",
      "calling_code":"91",
      "currency_symbol":"\u20b9"
   },
   "360":{
      "country_code":"360",
      "currency":"Indonesian rupiah (inv.)",
      "currency_code":"IDR",
      "currency_sub_unit":"sen (inv.)",
      "full_name":"Republic of Indonesia",
      "iso_2":"ID",
      "iso_3":"IDN",
      "name":"Indonesia",
      "region_code":"142",
      "sub_region_code":"035",
      "calling_code":"62",
      "currency_symbol":"Rp"
   },
   "364":{
      "country_code":"364",
      "currency":"Iranian rial",
      "currency_code":"IRR",
      "currency_sub_unit":"(dinar) (IR1)",
      "full_name":"Islamic Republic of Iran",
      "iso_2":"IR",
      "iso_3":"IRN",
      "name":"Iran, Islamic Republic of",
      "region_code":"142",
      "sub_region_code":"034",
      "calling_code":"98",
      "currency_symbol":"\ufdfc"
   },
   "368":{
      "country_code":"368",
      "currency":"Iraqi dinar",
      "currency_code":"IQD",
      "currency_sub_unit":"fils (inv.)",
      "full_name":"Republic of Iraq",
      "iso_2":"IQ",
      "iso_3":"IRQ",
      "name":"Iraq",
      "region_code":"142",
      "sub_region_code":"145",
      "calling_code":"964",
      "currency_symbol":"IQD"
   },
   "372":{
      "country_code":"372",
      "currency":"euro",
      "currency_code":"EUR",
      "currency_sub_unit":"cent",
      "full_name":"Ireland (IE1)",
      "iso_2":"IE",
      "iso_3":"IRL",
      "name":"Ireland",
      "region_code":"150",
      "sub_region_code":"154",
      "calling_code":"353",
      "currency_symbol":"\u20ac"
   },
   "376":{
      "country_code":"376",
      "currency":"shekel",
      "currency_code":"ILS",
      "currency_sub_unit":"agora",
      "full_name":"State of Israel",
      "iso_2":"IL",
      "iso_3":"ISR",
      "name":"Israel",
      "region_code":"142",
      "sub_region_code":"145",
      "calling_code":"972",
      "currency_symbol":"\u20aa"
   },
   "380":{
      "country_code":"380",
      "currency":"euro",
      "currency_code":"EUR",
      "currency_sub_unit":"cent",
      "full_name":"Italian Republic",
      "iso_2":"IT",
      "iso_3":"ITA",
      "name":"Italy",
      "region_code":"150",
      "sub_region_code":"039",
      "calling_code":"39",
      "currency_symbol":"\u20ac"
   },
   "384":{
      "country_code":"384",
      "currency":"CFA franc (BCEAO)",
      "currency_code":"XOF",
      "currency_sub_unit":"centime",
      "full_name":"Republic of C\u00f4te d\u2019Ivoire",
      "iso_2":"CI",
      "iso_3":"CIV",
      "name":"C\u00f4te d'Ivoire",
      "region_code":"002",
      "sub_region_code":"011",
      "calling_code":"225",
      "currency_symbol":"XOF"
   },
   "388":{
      "country_code":"388",
      "currency":"Jamaica dollar",
      "currency_code":"JMD",
      "currency_sub_unit":"cent",
      "full_name":"Jamaica",
      "iso_2":"JM",
      "iso_3":"JAM",
      "name":"Jamaica",
      "region_code":"019",
      "sub_region_code":"029",
      "calling_code":"1",
      "currency_symbol":"$"
   },
   "392":{
      "country_code":"392",
      "currency":"yen (inv.)",
      "currency_code":"JPY",
      "currency_sub_unit":"(sen (inv.)) (JP1)",
      "full_name":"Japan",
      "iso_2":"JP",
      "iso_3":"JPN",
      "name":"Japan",
      "region_code":"142",
      "sub_region_code":"030",
      "calling_code":"81",
      "currency_symbol":"\u00a5"
   },
   "398":{
      "country_code":"398",
      "currency":"tenge (inv.)",
      "currency_code":"KZT",
      "currency_sub_unit":"tiyn",
      "full_name":"Republic of Kazakhstan",
      "iso_2":"KZ",
      "iso_3":"KAZ",
      "name":"Kazakhstan",
      "region_code":"142",
      "sub_region_code":"143",
      "calling_code":"7",
      "currency_symbol":"\u043b\u0432"
   },
   "400":{
      "country_code":"400",
      "currency":"Jordanian dinar",
      "currency_code":"JOD",
      "currency_sub_unit":"100 qirsh",
      "full_name":"Hashemite Kingdom of Jordan",
      "iso_2":"JO",
      "iso_3":"JOR",
      "name":"Jordan",
      "region_code":"142",
      "sub_region_code":"145",
      "calling_code":"962",
      "currency_symbol":"JOD"
   },
   "404":{
      "country_code":"404",
      "currency":"Kenyan shilling",
      "currency_code":"KES",
      "currency_sub_unit":"cent",
      "full_name":"Republic of Kenya",
      "iso_2":"KE",
      "iso_3":"KEN",
      "name":"Kenya",
      "region_code":"002",
      "sub_region_code":"014",
      "calling_code":"254",
      "currency_symbol":"KES"
   },
   "408":{
      "country_code":"408",
      "currency":"North Korean won (inv.)",
      "currency_code":"KPW",
      "currency_sub_unit":"chun (inv.)",
      "full_name":"Democratic People\u2019s Republic of Korea",
      "iso_2":"KP",
      "iso_3":"PRK",
      "name":"Korea, Democratic People's Republic of",
      "region_code":"142",
      "sub_region_code":"030",
      "calling_code":"850",
      "currency_symbol":"\u20a9"
   },
   "410":{
      "country_code":"410",
      "currency":"South Korean won (inv.)",
      "currency_code":"KRW",
      "currency_sub_unit":"(chun (inv.))",
      "full_name":"Republic of Korea",
      "iso_2":"KR",
      "iso_3":"KOR",
      "name":"Korea, Republic of",
      "region_code":"142",
      "sub_region_code":"030",
      "calling_code":"82",
      "currency_symbol":"\u20a9"
   },
   "414":{
      "country_code":"414",
      "currency":"Kuwaiti dinar",
      "currency_code":"KWD",
      "currency_sub_unit":"fils (inv.)",
      "full_name":"State of Kuwait",
      "iso_2":"KW",
      "iso_3":"KWT",
      "name":"Kuwait",
      "region_code":"142",
      "sub_region_code":"145",
      "calling_code":"965",
      "currency_symbol":"KWD"
   },
   "417":{
      "country_code":"417",
      "currency":"som",
      "currency_code":"KGS",
      "currency_sub_unit":"tyiyn",
      "full_name":"Kyrgyz Republic",
      "iso_2":"KG",
      "iso_3":"KGZ",
      "name":"Kyrgyzstan",
      "region_code":"142",
      "sub_region_code":"143",
      "calling_code":"996",
      "currency_symbol":"\u043b\u0432"
   },
   "418":{
      "country_code":"418",
      "currency":"kip (inv.)",
      "currency_code":"LAK",
      "currency_sub_unit":"(at (inv.))",
      "full_name":"Lao People\u2019s Democratic Republic",
      "iso_2":"LA",
      "iso_3":"LAO",
      "name":"Lao People's Democratic Republic",
      "region_code":"142",
      "sub_region_code":"035",
      "calling_code":"856",
      "currency_symbol":"\u20ad"
   },
   "422":{
      "country_code":"422",
      "currency":"Lebanese pound",
      "currency_code":"LBP",
      "currency_sub_unit":"(piastre)",
      "full_name":"Lebanese Republic",
      "iso_2":"LB",
      "iso_3":"LBN",
      "name":"Lebanon",
      "region_code":"142",
      "sub_region_code":"145",
      "calling_code":"961",
      "currency_symbol":"\u00a3"
   },
   "426":{
      "country_code":"426",
      "currency":"loti (pl. maloti)",
      "currency_code":"LSL",
      "currency_sub_unit":"sente",
      "full_name":"Kingdom of Lesotho",
      "iso_2":"LS",
      "iso_3":"LSO",
      "name":"Lesotho",
      "region_code":"002",
      "sub_region_code":"018",
      "calling_code":"266",
      "currency_symbol":"L"
   },
   "428":{
      "country_code":"428",
      "currency":"euro",
      "currency_code":"EUR",
      "currency_sub_unit":"cent",
      "full_name":"Republic of Latvia",
      "iso_2":"LV",
      "iso_3":"LVA",
      "name":"Latvia",
      "region_code":"150",
      "sub_region_code":"154",
      "calling_code":"371",
      "currency_symbol":"Ls"
   },
   "430":{
      "country_code":"430",
      "currency":"Liberian dollar",
      "currency_code":"LRD",
      "currency_sub_unit":"cent",
      "full_name":"Republic of Liberia",
      "iso_2":"LR",
      "iso_3":"LBR",
      "name":"Liberia",
      "region_code":"002",
      "sub_region_code":"011",
      "calling_code":"231",
      "currency_symbol":"$"
   },
   "434":{
      "country_code":"434",
      "currency":"Libyan dinar",
      "currency_code":"LYD",
      "currency_sub_unit":"dirham",
      "full_name":"Socialist People\u2019s Libyan Arab Jamahiriya",
      "iso_2":"LY",
      "iso_3":"LBY",
      "name":"Libya",
      "region_code":"002",
      "sub_region_code":"015",
      "calling_code":"218",
      "currency_symbol":"LYD"
   },
   "438":{
      "country_code":"438",
      "currency":"Swiss franc",
      "currency_code":"CHF",
      "currency_sub_unit":"centime",
      "full_name":"Principality of Liechtenstein",
      "iso_2":"LI",
      "iso_3":"LIE",
      "name":"Liechtenstein",
      "region_code":"150",
      "sub_region_code":"155",
      "calling_code":"423",
      "currency_symbol":"CHF"
   },
   "440":{
      "country_code":"440",
      "currency":"euro",
      "currency_code":"EUR",
      "currency_sub_unit":"cent",
      "full_name":"Republic of Lithuania",
      "iso_2":"LT",
      "iso_3":"LTU",
      "name":"Lithuania",
      "region_code":"150",
      "sub_region_code":"154",
      "calling_code":"370",
      "currency_symbol":"Lt"
   },
   "442":{
      "country_code":"442",
      "currency":"euro",
      "currency_code":"EUR",
      "currency_sub_unit":"cent",
      "full_name":"Grand Duchy of Luxembourg",
      "iso_2":"LU",
      "iso_3":"LUX",
      "name":"Luxembourg",
      "region_code":"150",
      "sub_region_code":"155",
      "calling_code":"352",
      "currency_symbol":"\u20ac"
   },
   "446":{
      "country_code":"446",
      "currency":"pataca",
      "currency_code":"MOP",
      "currency_sub_unit":"avo",
      "full_name":"Macao Special Administrative Region of the People\u2019s Republic of China (MO2)",
      "iso_2":"MO",
      "iso_3":"MAC",
      "name":"Macao",
      "region_code":"142",
      "sub_region_code":"030",
      "calling_code":"853",
      "currency_symbol":"MOP"
   },
   "450":{
      "country_code":"450",
      "currency":"ariary",
      "currency_code":"MGA",
      "currency_sub_unit":"iraimbilanja (inv.)",
      "full_name":"Republic of Madagascar",
      "iso_2":"MG",
      "iso_3":"MDG",
      "name":"Madagascar",
      "region_code":"002",
      "sub_region_code":"014",
      "calling_code":"261",
      "currency_symbol":"MGA"
   },
   "454":{
      "country_code":"454",
      "currency":"Malawian kwacha (inv.)",
      "currency_code":"MWK",
      "currency_sub_unit":"tambala (inv.)",
      "full_name":"Republic of Malawi",
      "iso_2":"MW",
      "iso_3":"MWI",
      "name":"Malawi",
      "region_code":"002",
      "sub_region_code":"014",
      "calling_code":"265",
      "currency_symbol":"MK"
   },
   "458":{
      "country_code":"458",
      "currency":"ringgit (inv.)",
      "currency_code":"MYR",
      "currency_sub_unit":"sen (inv.)",
      "full_name":"Malaysia",
      "iso_2":"MY",
      "iso_3":"MYS",
      "name":"Malaysia",
      "region_code":"142",
      "sub_region_code":"035",
      "calling_code":"60",
      "currency_symbol":"RM"
   },
   "462":{
      "country_code":"462",
      "currency":"rufiyaa",
      "currency_code":"MVR",
      "currency_sub_unit":"laari (inv.)",
      "full_name":"Republic of Maldives",
      "iso_2":"MV",
      "iso_3":"MDV",
      "name":"Maldives",
      "region_code":"142",
      "sub_region_code":"034",
      "calling_code":"960",
      "currency_symbol":"Rf"
   },
   "466":{
      "country_code":"466",
      "currency":"CFA franc (BCEAO)",
      "currency_code":"XOF",
      "currency_sub_unit":"centime",
      "full_name":"Republic of Mali",
      "iso_2":"ML",
      "iso_3":"MLI",
      "name":"Mali",
      "region_code":"002",
      "sub_region_code":"011",
      "calling_code":"223",
      "currency_symbol":"XOF"
   },
   "470":{
      "country_code":"470",
      "currency":"euro",
      "currency_code":"EUR",
      "currency_sub_unit":"cent",
      "full_name":"Republic of Malta",
      "iso_2":"MT",
      "iso_3":"MLT",
      "name":"Malta",
      "region_code":"150",
      "sub_region_code":"039",
      "calling_code":"356",
      "currency_symbol":"MTL"
   },
   "474":{
      "country_code":"474",
      "currency":"euro",
      "currency_code":"EUR",
      "currency_sub_unit":"cent",
      "full_name":"Martinique",
      "iso_2":"MQ",
      "iso_3":"MTQ",
      "name":"Martinique",
      "region_code":"019",
      "sub_region_code":"029",
      "calling_code":"596",
      "currency_symbol":"\u20ac"
   },
   "478":{
      "country_code":"478",
      "currency":"ouguiya",
      "currency_code":"MRO",
      "currency_sub_unit":"khoum",
      "full_name":"Islamic Republic of Mauritania",
      "iso_2":"MR",
      "iso_3":"MRT",
      "name":"Mauritania",
      "region_code":"002",
      "sub_region_code":"011",
      "calling_code":"222",
      "currency_symbol":"UM"
   },
   "480":{
      "country_code":"480",
      "currency":"Mauritian rupee",
      "currency_code":"MUR",
      "currency_sub_unit":"cent",
      "full_name":"Republic of Mauritius",
      "iso_2":"MU",
      "iso_3":"MUS",
      "name":"Mauritius",
      "region_code":"002",
      "sub_region_code":"014",
      "calling_code":"230",
      "currency_symbol":"\u20a8"
   },
   "484":{
      "country_code":"484",
      "currency":"Mexican peso",
      "currency_code":"MXN",
      "currency_sub_unit":"centavo",
      "full_name":"United Mexican States",
      "iso_2":"MX",
      "iso_3":"MEX",
      "name":"Mexico",
      "region_code":"019",
      "sub_region_code":"013",
      "calling_code":"52",
      "currency_symbol":"$"
   },
   "492":{
      "country_code":"492",
      "currency":"euro",
      "currency_code":"EUR",
      "currency_sub_unit":"cent",
      "full_name":"Principality of Monaco",
      "iso_2":"MC",
      "iso_3":"MCO",
      "name":"Monaco",
      "region_code":"150",
      "sub_region_code":"155",
      "calling_code":"377",
      "currency_symbol":"\u20ac"
   },
   "496":{
      "country_code":"496",
      "currency":"tugrik",
      "currency_code":"MNT",
      "currency_sub_unit":"m\u00f6ng\u00f6 (inv.)",
      "full_name":"Mongolia",
      "iso_2":"MN",
      "iso_3":"MNG",
      "name":"Mongolia",
      "region_code":"142",
      "sub_region_code":"030",
      "calling_code":"976",
      "currency_symbol":"\u20ae"
   },
   "498":{
      "country_code":"498",
      "currency":"Moldovan leu (pl. lei)",
      "currency_code":"MDL",
      "currency_sub_unit":"ban",
      "full_name":"Republic of Moldova",
      "iso_2":"MD",
      "iso_3":"MDA",
      "name":"Moldova, Republic of",
      "region_code":"150",
      "sub_region_code":"151",
      "calling_code":"373",
      "currency_symbol":"MDL"
   },
   "499":{
      "country_code":"499",
      "currency":"euro",
      "currency_code":"EUR",
      "currency_sub_unit":"cent",
      "full_name":"Montenegro",
      "iso_2":"ME",
      "iso_3":"MNE",
      "name":"Montenegro",
      "region_code":"150",
      "sub_region_code":"039",
      "calling_code":"382",
      "currency_symbol":"\u20ac"
   },
   "500":{
      "country_code":"500",
      "currency":"East Caribbean dollar",
      "currency_code":"XCD",
      "currency_sub_unit":"cent",
      "full_name":"Montserrat",
      "iso_2":"MS",
      "iso_3":"MSR",
      "name":"Montserrat",
      "region_code":"019",
      "sub_region_code":"029",
      "calling_code":"1",
      "currency_symbol":"$"
   },
   "504":{
      "country_code":"504",
      "currency":"Moroccan dirham",
      "currency_code":"MAD",
      "currency_sub_unit":"centime",
      "full_name":"Kingdom of Morocco",
      "iso_2":"MA",
      "iso_3":"MAR",
      "name":"Morocco",
      "region_code":"002",
      "sub_region_code":"015",
      "calling_code":"212",
      "currency_symbol":"MAD"
   },
   "508":{
      "country_code":"508",
      "currency":"metical",
      "currency_code":"MZN",
      "currency_sub_unit":"centavo",
      "full_name":"Republic of Mozambique",
      "iso_2":"MZ",
      "iso_3":"MOZ",
      "name":"Mozambique",
      "region_code":"002",
      "sub_region_code":"014",
      "calling_code":"258",
      "currency_symbol":"MT"
   },
   "512":{
      "country_code":"512",
      "currency":"Omani rial",
      "currency_code":"OMR",
      "currency_sub_unit":"baiza",
      "full_name":"Sultanate of Oman",
      "iso_2":"OM",
      "iso_3":"OMN",
      "name":"Oman",
      "region_code":"142",
      "sub_region_code":"145",
      "calling_code":"968",
      "currency_symbol":"\ufdfc"
   },
   "516":{
      "country_code":"516",
      "currency":"Namibian dollar",
      "currency_code":"NAD",
      "currency_sub_unit":"cent",
      "full_name":"Republic of Namibia",
      "iso_2":"NA",
      "iso_3":"NAM",
      "name":"Namibia",
      "region_code":"002",
      "sub_region_code":"018",
      "calling_code":"264",
      "currency_symbol":"$"
   },
   "520":{
      "country_code":"520",
      "currency":"Australian dollar",
      "currency_code":"AUD",
      "currency_sub_unit":"cent",
      "full_name":"Republic of Nauru",
      "iso_2":"NR",
      "iso_3":"NRU",
      "name":"Nauru",
      "region_code":"009",
      "sub_region_code":"057",
      "calling_code":"674",
      "currency_symbol":"$"
   },
   "524":{
      "country_code":"524",
      "currency":"Nepalese rupee",
      "currency_code":"NPR",
      "currency_sub_unit":"paisa (inv.)",
      "full_name":"Nepal",
      "iso_2":"NP",
      "iso_3":"NPL",
      "name":"Nepal",
      "region_code":"142",
      "sub_region_code":"034",
      "calling_code":"977",
      "currency_symbol":"\u20a8"
   },
   "528":{
      "country_code":"528",
      "currency":"euro",
      "currency_code":"EUR",
      "currency_sub_unit":"cent",
      "full_name":"Kingdom of the Netherlands",
      "iso_2":"NL",
      "iso_3":"NLD",
      "name":"Netherlands",
      "region_code":"150",
      "sub_region_code":"155",
      "calling_code":"31",
      "currency_symbol":"\u20ac"
   },
   "531":{
      "country_code":"531",
      "currency":"Netherlands Antillean guilder (CW1)",
      "currency_code":"ANG",
      "currency_sub_unit":"cent",
      "full_name":"Cura\u00e7ao",
      "iso_2":"CW",
      "iso_3":"CUW",
      "name":"Cura\u00e7ao",
      "region_code":"019",
      "sub_region_code":"029",
      "calling_code":"599",
      "currency_symbol":""
   },
   "533":{
      "country_code":"533",
      "currency":"Aruban guilder",
      "currency_code":"AWG",
      "currency_sub_unit":"cent",
      "full_name":"Aruba",
      "iso_2":"AW",
      "iso_3":"ABW",
      "name":"Aruba",
      "region_code":"019",
      "sub_region_code":"029",
      "calling_code":"297",
      "currency_symbol":"\u0192"
   },
   "534":{
      "country_code":"534",
      "currency":"Netherlands Antillean guilder (SX1)",
      "currency_code":"ANG",
      "currency_sub_unit":"cent",
      "full_name":"Sint Maarten",
      "iso_2":"SX",
      "iso_3":"SXM",
      "name":"Sint Maarten (Dutch part)",
      "region_code":"019",
      "sub_region_code":"029",
      "calling_code":"721",
      "currency_symbol":""
   },
   "535":{
      "country_code":"535",
      "currency":"US dollar",
      "currency_code":"USD",
      "currency_sub_unit":"cent",
      "iso_2":"BQ",
      "iso_3":"BES",
      "name":"Bonaire, Sint Eustatius and Saba",
      "region_code":"019",
      "sub_region_code":"029",
      "calling_code":"599",
      "currency_symbol":""
   },
   "540":{
      "country_code":"540",
      "currency":"CFP franc",
      "currency_code":"XPF",
      "currency_sub_unit":"centime",
      "full_name":"New Caledonia",
      "iso_2":"NC",
      "iso_3":"NCL",
      "name":"New Caledonia",
      "region_code":"009",
      "sub_region_code":"054",
      "calling_code":"687",
      "currency_symbol":"XPF"
   },
   "548":{
      "country_code":"548",
      "currency":"vatu (inv.)",
      "currency_code":"VUV",
      "currency_sub_unit":"",
      "full_name":"Republic of Vanuatu",
      "iso_2":"VU",
      "iso_3":"VUT",
      "name":"Vanuatu",
      "region_code":"009",
      "sub_region_code":"054",
      "calling_code":"678",
      "currency_symbol":"Vt"
   },
   "554":{
      "country_code":"554",
      "currency":"New Zealand dollar",
      "currency_code":"NZD",
      "currency_sub_unit":"cent",
      "full_name":"New Zealand",
      "iso_2":"NZ",
      "iso_3":"NZL",
      "name":"New Zealand",
      "region_code":"009",
      "sub_region_code":"053",
      "calling_code":"64",
      "currency_symbol":"$"
   },
   "558":{
      "country_code":"558",
      "currency":"c\u00f3rdoba oro",
      "currency_code":"NIO",
      "currency_sub_unit":"centavo",
      "full_name":"Republic of Nicaragua",
      "iso_2":"NI",
      "iso_3":"NIC",
      "name":"Nicaragua",
      "region_code":"019",
      "sub_region_code":"013",
      "calling_code":"505",
      "currency_symbol":"C$"
   },
   "562":{
      "country_code":"562",
      "currency":"CFA franc (BCEAO)",
      "currency_code":"XOF",
      "currency_sub_unit":"centime",
      "full_name":"Republic of Niger",
      "iso_2":"NE",
      "iso_3":"NER",
      "name":"Niger",
      "region_code":"002",
      "sub_region_code":"011",
      "calling_code":"227",
      "currency_symbol":"XOF"
   },
   "566":{
      "country_code":"566",
      "currency":"naira (inv.)",
      "currency_code":"NGN",
      "currency_sub_unit":"kobo (inv.)",
      "full_name":"Federal Republic of Nigeria",
      "iso_2":"NG",
      "iso_3":"NGA",
      "name":"Nigeria",
      "region_code":"002",
      "sub_region_code":"011",
      "calling_code":"234",
      "currency_symbol":"\u20a6"
   },
   "570":{
      "country_code":"570",
      "currency":"New Zealand dollar",
      "currency_code":"NZD",
      "currency_sub_unit":"cent",
      "full_name":"Niue",
      "iso_2":"NU",
      "iso_3":"NIU",
      "name":"Niue",
      "region_code":"009",
      "sub_region_code":"061",
      "calling_code":"683",
      "currency_symbol":"$"
   },
   "574":{
      "country_code":"574",
      "currency":"Australian dollar",
      "currency_code":"AUD",
      "currency_sub_unit":"cent",
      "full_name":"Territory of Norfolk Island",
      "iso_2":"NF",
      "iso_3":"NFK",
      "name":"Norfolk Island",
      "region_code":"009",
      "sub_region_code":"053",
      "calling_code":"672",
      "currency_symbol":"$"
   },
   "578":{
      "country_code":"578",
      "currency":"Norwegian krone (pl. kroner)",
      "currency_code":"NOK",
      "currency_sub_unit":"\u00f8re (inv.)",
      "full_name":"Kingdom of Norway",
      "iso_2":"NO",
      "iso_3":"NOR",
      "name":"Norway",
      "region_code":"150",
      "sub_region_code":"154",
      "calling_code":"47",
      "currency_symbol":"kr"
   },
   "580":{
      "country_code":"580",
      "currency":"US dollar",
      "currency_code":"USD",
      "currency_sub_unit":"cent",
      "full_name":"Commonwealth of the Northern Mariana Islands",
      "iso_2":"MP",
      "iso_3":"MNP",
      "name":"Northern Mariana Islands",
      "region_code":"009",
      "sub_region_code":"057",
      "calling_code":"1",
      "currency_symbol":"$"
   },
   "581":{
      "country_code":"581",
      "currency":"US dollar",
      "currency_code":"USD",
      "currency_sub_unit":"cent",
      "full_name":"United States Minor Outlying Islands",
      "iso_2":"UM",
      "iso_3":"UMI",
      "name":"United States Minor Outlying Islands",
      "region_code":"",
      "sub_region_code":"",
      "calling_code":"1",
      "currency_symbol":"$"
   },
   "583":{
      "country_code":"583",
      "currency":"US dollar",
      "currency_code":"USD",
      "currency_sub_unit":"cent",
      "full_name":"Federated States of Micronesia",
      "iso_2":"FM",
      "iso_3":"FSM",
      "name":"Micronesia, Federated States of",
      "region_code":"009",
      "sub_region_code":"057",
      "calling_code":"691",
      "currency_symbol":"$"
   },
   "584":{
      "country_code":"584",
      "currency":"US dollar",
      "currency_code":"USD",
      "currency_sub_unit":"cent",
      "full_name":"Republic of the Marshall Islands",
      "iso_2":"MH",
      "iso_3":"MHL",
      "name":"Marshall Islands",
      "region_code":"009",
      "sub_region_code":"057",
      "calling_code":"692",
      "currency_symbol":"$"
   },
   "585":{
      "country_code":"585",
      "currency":"US dollar",
      "currency_code":"USD",
      "currency_sub_unit":"cent",
      "full_name":"Republic of Palau",
      "iso_2":"PW",
      "iso_3":"PLW",
      "name":"Palau",
      "region_code":"009",
      "sub_region_code":"057",
      "calling_code":"680",
      "currency_symbol":"$"
   },
   "586":{
      "country_code":"586",
      "currency":"Pakistani rupee",
      "currency_code":"PKR",
      "currency_sub_unit":"paisa",
      "full_name":"Islamic Republic of Pakistan",
      "iso_2":"PK",
      "iso_3":"PAK",
      "name":"Pakistan",
      "region_code":"142",
      "sub_region_code":"034",
      "calling_code":"92",
      "currency_symbol":"\u20a8"
   },
   "591":{
      "country_code":"591",
      "currency":"balboa",
      "currency_code":"PAB",
      "currency_sub_unit":"cent\u00e9simo",
      "full_name":"Republic of Panama",
      "iso_2":"PA",
      "iso_3":"PAN",
      "name":"Panama",
      "region_code":"019",
      "sub_region_code":"013",
      "calling_code":"507",
      "currency_symbol":"B\/."
   },
   "598":{
      "country_code":"598",
      "currency":"kina (inv.)",
      "currency_code":"PGK",
      "currency_sub_unit":"toea (inv.)",
      "full_name":"Independent State of Papua New Guinea",
      "iso_2":"PG",
      "iso_3":"PNG",
      "name":"Papua New Guinea",
      "region_code":"009",
      "sub_region_code":"054",
      "calling_code":"675",
      "currency_symbol":"PGK"
   },
   "600":{
      "country_code":"600",
      "currency":"guaran\u00ed",
      "currency_code":"PYG",
      "currency_sub_unit":"c\u00e9ntimo",
      "full_name":"Republic of Paraguay",
      "iso_2":"PY",
      "iso_3":"PRY",
      "name":"Paraguay",
      "region_code":"019",
      "sub_region_code":"005",
      "calling_code":"595",
      "currency_symbol":"Gs"
   },
   "604":{
      "country_code":"604",
      "currency":"new sol",
      "currency_code":"PEN",
      "currency_sub_unit":"c\u00e9ntimo",
      "full_name":"Republic of Peru",
      "iso_2":"PE",
      "iso_3":"PER",
      "name":"Peru",
      "region_code":"019",
      "sub_region_code":"005",
      "calling_code":"51",
      "currency_symbol":"S\/."
   },
   "608":{
      "country_code":"608",
      "currency":"Philippine peso",
      "currency_code":"PHP",
      "currency_sub_unit":"centavo",
      "full_name":"Republic of the Philippines",
      "iso_2":"PH",
      "iso_3":"PHL",
      "name":"Philippines",
      "region_code":"142",
      "sub_region_code":"035",
      "calling_code":"63",
      "currency_symbol":"Php"
   },
   "612":{
      "country_code":"612",
      "currency":"New Zealand dollar",
      "currency_code":"NZD",
      "currency_sub_unit":"cent",
      "full_name":"Pitcairn Islands",
      "iso_2":"PN",
      "iso_3":"PCN",
      "name":"Pitcairn",
      "region_code":"009",
      "sub_region_code":"061",
      "calling_code":"649",
      "currency_symbol":"$"
   },
   "616":{
      "country_code":"616",
      "currency":"zloty",
      "currency_code":"PLN",
      "currency_sub_unit":"grosz (pl. groszy)",
      "full_name":"Republic of Poland",
      "iso_2":"PL",
      "iso_3":"POL",
      "name":"Poland",
      "region_code":"150",
      "sub_region_code":"151",
      "calling_code":"48",
      "currency_symbol":"z\u0142"
   },
   "620":{
      "country_code":"620",
      "currency":"euro",
      "currency_code":"EUR",
      "currency_sub_unit":"cent",
      "full_name":"Portuguese Republic",
      "iso_2":"PT",
      "iso_3":"PRT",
      "name":"Portugal",
      "region_code":"150",
      "sub_region_code":"039",
      "calling_code":"351",
      "currency_symbol":"\u20ac"
   },
   "624":{
      "country_code":"624",
      "currency":"CFA franc (BCEAO)",
      "currency_code":"XOF",
      "currency_sub_unit":"centime",
      "full_name":"Republic of Guinea-Bissau",
      "iso_2":"GW",
      "iso_3":"GNB",
      "name":"Guinea-Bissau",
      "region_code":"002",
      "sub_region_code":"011",
      "calling_code":"245",
      "currency_symbol":"XOF"
   },
   "626":{
      "country_code":"626",
      "currency":"US dollar",
      "currency_code":"USD",
      "currency_sub_unit":"cent",
      "full_name":"Democratic Republic of East Timor",
      "iso_2":"TL",
      "iso_3":"TLS",
      "name":"Timor-Leste",
      "region_code":"142",
      "sub_region_code":"035",
      "calling_code":"670",
      "currency_symbol":"$"
   },
   "630":{
      "country_code":"630",
      "currency":"US dollar",
      "currency_code":"USD",
      "currency_sub_unit":"cent",
      "full_name":"Commonwealth of Puerto Rico",
      "iso_2":"PR",
      "iso_3":"PRI",
      "name":"Puerto Rico",
      "region_code":"019",
      "sub_region_code":"029",
      "calling_code":"1",
      "currency_symbol":"$"
   },
   "634":{
      "country_code":"634",
      "currency":"Qatari riyal",
      "currency_code":"QAR",
      "currency_sub_unit":"dirham",
      "full_name":"State of Qatar",
      "iso_2":"QA",
      "iso_3":"QAT",
      "name":"Qatar",
      "region_code":"142",
      "sub_region_code":"145",
      "calling_code":"974",
      "currency_symbol":"\ufdfc"
   },
   "638":{
      "country_code":"638",
      "currency":"euro",
      "currency_code":"EUR",
      "currency_sub_unit":"cent",
      "full_name":"R\u00e9union",
      "iso_2":"RE",
      "iso_3":"REU",
      "name":"R\u00e9union",
      "region_code":"002",
      "sub_region_code":"014",
      "calling_code":"262",
      "currency_symbol":"\u20ac"
   },
   "642":{
      "country_code":"642",
      "currency":"Romanian leu (pl. lei)",
      "currency_code":"RON",
      "currency_sub_unit":"ban (pl. bani)",
      "full_name":"Romania",
      "iso_2":"RO",
      "iso_3":"ROU",
      "name":"Romania",
      "region_code":"150",
      "sub_region_code":"151",
      "calling_code":"40",
      "currency_symbol":"lei"
   },
   "643":{
      "country_code":"643",
      "currency":"Russian rouble",
      "currency_code":"RUB",
      "currency_sub_unit":"kopek",
      "full_name":"Russian Federation",
      "iso_2":"RU",
      "iso_3":"RUS",
      "name":"Russian Federation",
      "region_code":"150",
      "sub_region_code":"151",
      "calling_code":"7",
      "currency_symbol":"\u0440\u0443\u0431"
   },
   "646":{
      "country_code":"646",
      "currency":"Rwandese franc",
      "currency_code":"RWF",
      "currency_sub_unit":"centime",
      "full_name":"Republic of Rwanda",
      "iso_2":"RW",
      "iso_3":"RWA",
      "name":"Rwanda",
      "region_code":"002",
      "sub_region_code":"014",
      "calling_code":"250",
      "currency_symbol":"RWF"
   },
   "652":{
      "country_code":"652",
      "currency":"euro",
      "currency_code":"EUR",
      "currency_sub_unit":"cent",
      "full_name":"Collectivity of Saint Barth\u00e9lemy",
      "iso_2":"BL",
      "iso_3":"BLM",
      "name":"Saint Barth\u00e9lemy",
      "region_code":"019",
      "sub_region_code":"029",
      "calling_code":"590",
      "currency_symbol":""
   },
   "654":{
      "country_code":"654",
      "currency":"Saint Helena pound",
      "currency_code":"SHP",
      "currency_sub_unit":"penny",
      "full_name":"Saint Helena, Ascension and Tristan da Cunha",
      "iso_2":"SH",
      "iso_3":"SHN",
      "name":"Saint Helena, Ascension and Tristan da Cunha",
      "region_code":"002",
      "sub_region_code":"011",
      "calling_code":"290",
      "currency_symbol":"\u00a3"
   },
   "659":{
      "country_code":"659",
      "currency":"East Caribbean dollar",
      "currency_code":"XCD",
      "currency_sub_unit":"cent",
      "full_name":"Federation of Saint Kitts and Nevis",
      "iso_2":"KN",
      "iso_3":"KNA",
      "name":"Saint Kitts and Nevis",
      "region_code":"019",
      "sub_region_code":"029",
      "calling_code":"1",
      "currency_symbol":"$"
   },
   "660":{
      "country_code":"660",
      "currency":"East Caribbean dollar",
      "currency_code":"XCD",
      "currency_sub_unit":"cent",
      "full_name":"Anguilla",
      "iso_2":"AI",
      "iso_3":"AIA",
      "name":"Anguilla",
      "region_code":"019",
      "sub_region_code":"029",
      "calling_code":"1",
      "currency_symbol":"$"
   },
   "662":{
      "country_code":"662",
      "currency":"East Caribbean dollar",
      "currency_code":"XCD",
      "currency_sub_unit":"cent",
      "full_name":"Saint Lucia",
      "iso_2":"LC",
      "iso_3":"LCA",
      "name":"Saint Lucia",
      "region_code":"019",
      "sub_region_code":"029",
      "calling_code":"1",
      "currency_symbol":"$"
   },
   "663":{
      "country_code":"663",
      "currency":"euro",
      "currency_code":"EUR",
      "currency_sub_unit":"cent",
      "full_name":"Collectivity of Saint Martin",
      "iso_2":"MF",
      "iso_3":"MAF",
      "name":"Saint Martin (French part)",
      "region_code":"019",
      "sub_region_code":"029",
      "calling_code":"590",
      "currency_symbol":""
   },
   "666":{
      "country_code":"666",
      "currency":"euro",
      "currency_code":"EUR",
      "currency_sub_unit":"cent",
      "full_name":"Territorial Collectivity of Saint Pierre and Miquelon",
      "iso_2":"PM",
      "iso_3":"SPM",
      "name":"Saint Pierre and Miquelon",
      "region_code":"019",
      "sub_region_code":"021",
      "calling_code":"508",
      "currency_symbol":"\u20ac"
   },
   "670":{
      "country_code":"670",
      "currency":"East Caribbean dollar",
      "currency_code":"XCD",
      "currency_sub_unit":"cent",
      "full_name":"Saint Vincent and the Grenadines",
      "iso_2":"VC",
      "iso_3":"VCT",
      "name":"Saint Vincent and the Grenadines",
      "region_code":"019",
      "sub_region_code":"029",
      "calling_code":"1",
      "currency_symbol":"$"
   },
   "674":{
      "country_code":"674",
      "currency":"euro",
      "currency_code":"EUR",
      "currency_sub_unit":"cent",
      "full_name":"Republic of San Marino",
      "iso_2":"SM",
      "iso_3":"SMR",
      "name":"San Marino",
      "region_code":"150",
      "sub_region_code":"039",
      "calling_code":"378",
      "currency_symbol":"\u20ac"
   },
   "678":{
      "country_code":"678",
      "currency":"dobra",
      "currency_code":"STD",
      "currency_sub_unit":"centavo",
      "full_name":"Democratic Republic of S\u00e3o Tom\u00e9 and Pr\u00edncipe",
      "iso_2":"ST",
      "iso_3":"STP",
      "name":"Sao Tome and Principe",
      "region_code":"002",
      "sub_region_code":"017",
      "calling_code":"239",
      "currency_symbol":"Db"
   },
   "682":{
      "country_code":"682",
      "currency":"riyal",
      "currency_code":"SAR",
      "currency_sub_unit":"halala",
      "full_name":"Kingdom of Saudi Arabia",
      "iso_2":"SA",
      "iso_3":"SAU",
      "name":"Saudi Arabia",
      "region_code":"142",
      "sub_region_code":"145",
      "calling_code":"966",
      "currency_symbol":"\ufdfc"
   },
   "686":{
      "country_code":"686",
      "currency":"CFA franc (BCEAO)",
      "currency_code":"XOF",
      "currency_sub_unit":"centime",
      "full_name":"Republic of Senegal",
      "iso_2":"SN",
      "iso_3":"SEN",
      "name":"Senegal",
      "region_code":"002",
      "sub_region_code":"011",
      "calling_code":"221",
      "currency_symbol":"XOF"
   },
   "688":{
      "country_code":"688",
      "currency":"Serbian dinar",
      "currency_code":"RSD",
      "currency_sub_unit":"para (inv.)",
      "full_name":"Republic of Serbia",
      "iso_2":"RS",
      "iso_3":"SRB",
      "name":"Serbia",
      "region_code":"150",
      "sub_region_code":"039",
      "calling_code":"381",
      "currency_symbol":""
   },
   "690":{
      "country_code":"690",
      "currency":"Seychelles rupee",
      "currency_code":"SCR",
      "currency_sub_unit":"cent",
      "full_name":"Republic of Seychelles",
      "iso_2":"SC",
      "iso_3":"SYC",
      "name":"Seychelles",
      "region_code":"002",
      "sub_region_code":"014",
      "calling_code":"248",
      "currency_symbol":"\u20a8"
   },
   "694":{
      "country_code":"694",
      "currency":"leone",
      "currency_code":"SLL",
      "currency_sub_unit":"cent",
      "full_name":"Republic of Sierra Leone",
      "iso_2":"SL",
      "iso_3":"SLE",
      "name":"Sierra Leone",
      "region_code":"002",
      "sub_region_code":"011",
      "calling_code":"232",
      "currency_symbol":"Le"
   },
   "702":{
      "country_code":"702",
      "currency":"Singapore dollar",
      "currency_code":"SGD",
      "currency_sub_unit":"cent",
      "full_name":"Republic of Singapore",
      "iso_2":"SG",
      "iso_3":"SGP",
      "name":"Singapore",
      "region_code":"142",
      "sub_region_code":"035",
      "calling_code":"65",
      "currency_symbol":"$"
   },
   "703":{
      "country_code":"703",
      "currency":"euro",
      "currency_code":"EUR",
      "currency_sub_unit":"cent",
      "full_name":"Slovak Republic",
      "iso_2":"SK",
      "iso_3":"SVK",
      "name":"Slovakia",
      "region_code":"150",
      "sub_region_code":"151",
      "calling_code":"421",
      "currency_symbol":"Sk"
   },
   "704":{
      "country_code":"704",
      "currency":"dong",
      "currency_code":"VND",
      "currency_sub_unit":"(10 h\u00e0o",
      "full_name":"Socialist Republic of Vietnam",
      "iso_2":"VN",
      "iso_3":"VNM",
      "name":"Viet Nam",
      "region_code":"142",
      "sub_region_code":"035",
      "calling_code":"84",
      "currency_symbol":"\u20ab"
   },
   "705":{
      "country_code":"705",
      "currency":"euro",
      "currency_code":"EUR",
      "currency_sub_unit":"cent",
      "full_name":"Republic of Slovenia",
      "iso_2":"SI",
      "iso_3":"SVN",
      "name":"Slovenia",
      "region_code":"150",
      "sub_region_code":"039",
      "calling_code":"386",
      "currency_symbol":"\u20ac"
   },
   "706":{
      "country_code":"706",
      "currency":"Somali shilling",
      "currency_code":"SOS",
      "currency_sub_unit":"cent",
      "full_name":"Somali Republic",
      "iso_2":"SO",
      "iso_3":"SOM",
      "name":"Somalia",
      "region_code":"002",
      "sub_region_code":"014",
      "calling_code":"252",
      "currency_symbol":"S"
   },
   "710":{
      "country_code":"710",
      "currency":"rand",
      "currency_code":"ZAR",
      "currency_sub_unit":"cent",
      "full_name":"Republic of South Africa",
      "iso_2":"ZA",
      "iso_3":"ZAF",
      "name":"South Africa",
      "region_code":"002",
      "sub_region_code":"018",
      "calling_code":"27",
      "currency_symbol":"R"
   },
   "716":{
      "country_code":"716",
      "currency":"Zimbabwe dollar (ZW1)",
      "currency_code":"ZWL",
      "currency_sub_unit":"cent",
      "full_name":"Republic of Zimbabwe",
      "iso_2":"ZW",
      "iso_3":"ZWE",
      "name":"Zimbabwe",
      "region_code":"002",
      "sub_region_code":"014",
      "calling_code":"263",
      "currency_symbol":"Z$"
   },
   "724":{
      "country_code":"724",
      "currency":"euro",
      "currency_code":"EUR",
      "currency_sub_unit":"cent",
      "full_name":"Kingdom of Spain",
      "iso_2":"ES",
      "iso_3":"ESP",
      "name":"Spain",
      "region_code":"150",
      "sub_region_code":"039",
      "calling_code":"34",
      "currency_symbol":"\u20ac"
   },
   "728":{
      "country_code":"728",
      "currency":"South Sudanese pound",
      "currency_code":"SSP",
      "currency_sub_unit":"piaster",
      "full_name":"Republic of South Sudan",
      "iso_2":"SS",
      "iso_3":"SSD",
      "name":"South Sudan",
      "region_code":"002",
      "sub_region_code":"015",
      "calling_code":"211",
      "currency_symbol":""
   },
   "729":{
      "country_code":"729",
      "currency":"Sudanese pound",
      "currency_code":"SDG",
      "currency_sub_unit":"piastre",
      "full_name":"Republic of the Sudan",
      "iso_2":"SD",
      "iso_3":"SDN",
      "name":"Sudan",
      "region_code":"002",
      "sub_region_code":"015",
      "calling_code":"249",
      "currency_symbol":""
   },
   "732":{
      "country_code":"732",
      "currency":"Moroccan dirham",
      "currency_code":"MAD",
      "currency_sub_unit":"centime",
      "full_name":"Western Sahara",
      "iso_2":"EH",
      "iso_3":"ESH",
      "name":"Western Sahara",
      "region_code":"002",
      "sub_region_code":"015",
      "calling_code":"212",
      "currency_symbol":"MAD"
   },
   "740":{
      "country_code":"740",
      "currency":"Surinamese dollar",
      "currency_code":"SRD",
      "currency_sub_unit":"cent",
      "full_name":"Republic of Suriname",
      "iso_2":"SR",
      "iso_3":"SUR",
      "name":"Suriname",
      "region_code":"019",
      "sub_region_code":"005",
      "calling_code":"597",
      "currency_symbol":"$"
   },
   "744":{
      "country_code":"744",
      "currency":"Norwegian krone (pl. kroner)",
      "currency_code":"NOK",
      "currency_sub_unit":"\u00f8re (inv.)",
      "full_name":"Svalbard and Jan Mayen",
      "iso_2":"SJ",
      "iso_3":"SJM",
      "name":"Svalbard and Jan Mayen",
      "region_code":"150",
      "sub_region_code":"154",
      "calling_code":"47",
      "currency_symbol":"kr"
   },
   "748":{
      "country_code":"748",
      "currency":"lilangeni",
      "currency_code":"SZL",
      "currency_sub_unit":"cent",
      "full_name":"Kingdom of Swaziland",
      "iso_2":"SZ",
      "iso_3":"SWZ",
      "name":"Swaziland",
      "region_code":"002",
      "sub_region_code":"018",
      "calling_code":"268",
      "currency_symbol":"SZL"
   },
   "752":{
      "country_code":"752",
      "currency":"krona (pl. kronor)",
      "currency_code":"SEK",
      "currency_sub_unit":"\u00f6re (inv.)",
      "full_name":"Kingdom of Sweden",
      "iso_2":"SE",
      "iso_3":"SWE",
      "name":"Sweden",
      "region_code":"150",
      "sub_region_code":"154",
      "calling_code":"46",
      "currency_symbol":"kr"
   },
   "756":{
      "country_code":"756",
      "currency":"Swiss franc",
      "currency_code":"CHF",
      "currency_sub_unit":"centime",
      "full_name":"Swiss Confederation",
      "iso_2":"CH",
      "iso_3":"CHE",
      "name":"Switzerland",
      "region_code":"150",
      "sub_region_code":"155",
      "calling_code":"41",
      "currency_symbol":"CHF"
   },
   "760":{
      "country_code":"760",
      "currency":"Syrian pound",
      "currency_code":"SYP",
      "currency_sub_unit":"piastre",
      "full_name":"Syrian Arab Republic",
      "iso_2":"SY",
      "iso_3":"SYR",
      "name":"Syrian Arab Republic",
      "region_code":"142",
      "sub_region_code":"145",
      "calling_code":"963",
      "currency_symbol":"\u00a3"
   },
   "762":{
      "country_code":"762",
      "currency":"somoni",
      "currency_code":"TJS",
      "currency_sub_unit":"diram",
      "full_name":"Republic of Tajikistan",
      "iso_2":"TJ",
      "iso_3":"TJK",
      "name":"Tajikistan",
      "region_code":"142",
      "sub_region_code":"143",
      "calling_code":"992",
      "currency_symbol":"TJS"
   },
   "764":{
      "country_code":"764",
      "currency":"baht (inv.)",
      "currency_code":"THB",
      "currency_sub_unit":"satang (inv.)",
      "full_name":"Kingdom of Thailand",
      "iso_2":"TH",
      "iso_3":"THA",
      "name":"Thailand",
      "region_code":"142",
      "sub_region_code":"035",
      "calling_code":"66",
      "currency_symbol":"\u0e3f"
   },
   "768":{
      "country_code":"768",
      "currency":"CFA franc (BCEAO)",
      "currency_code":"XOF",
      "currency_sub_unit":"centime",
      "full_name":"Togolese Republic",
      "iso_2":"TG",
      "iso_3":"TGO",
      "name":"Togo",
      "region_code":"002",
      "sub_region_code":"011",
      "calling_code":"228",
      "currency_symbol":"XOF"
   },
   "772":{
      "country_code":"772",
      "currency":"New Zealand dollar",
      "currency_code":"NZD",
      "currency_sub_unit":"cent",
      "full_name":"Tokelau",
      "iso_2":"TK",
      "iso_3":"TKL",
      "name":"Tokelau",
      "region_code":"009",
      "sub_region_code":"061",
      "calling_code":"690",
      "currency_symbol":"$"
   },
   "776":{
      "country_code":"776",
      "currency":"pa\u2019anga (inv.)",
      "currency_code":"TOP",
      "currency_sub_unit":"seniti (inv.)",
      "full_name":"Kingdom of Tonga",
      "iso_2":"TO",
      "iso_3":"TON",
      "name":"Tonga",
      "region_code":"009",
      "sub_region_code":"061",
      "calling_code":"676",
      "currency_symbol":"T$"
   },
   "780":{
      "country_code":"780",
      "currency":"Trinidad and Tobago dollar",
      "currency_code":"TTD",
      "currency_sub_unit":"cent",
      "full_name":"Republic of Trinidad and Tobago",
      "iso_2":"TT",
      "iso_3":"TTO",
      "name":"Trinidad and Tobago",
      "region_code":"019",
      "sub_region_code":"029",
      "calling_code":"1",
      "currency_symbol":"TT$"
   },
   "784":{
      "country_code":"784",
      "currency":"UAE dirham",
      "currency_code":"AED",
      "currency_sub_unit":"fils (inv.)",
      "full_name":"United Arab Emirates",
      "iso_2":"AE",
      "iso_3":"ARE",
      "name":"United Arab Emirates",
      "region_code":"142",
      "sub_region_code":"145",
      "calling_code":"971",
      "currency_symbol":"AED"
   },
   "788":{
      "country_code":"788",
      "currency":"Tunisian dinar",
      "currency_code":"TND",
      "currency_sub_unit":"millime",
      "full_name":"Republic of Tunisia",
      "iso_2":"TN",
      "iso_3":"TUN",
      "name":"Tunisia",
      "region_code":"002",
      "sub_region_code":"015",
      "calling_code":"216",
      "currency_symbol":"TND"
   },
   "792":{
      "country_code":"792",
      "currency":"Turkish lira (inv.)",
      "currency_code":"TRY",
      "currency_sub_unit":"kurus (inv.)",
      "full_name":"Republic of Turkey",
      "iso_2":"TR",
      "iso_3":"TUR",
      "name":"Turkey",
      "region_code":"142",
      "sub_region_code":"145",
      "calling_code":"90",
      "currency_symbol":""
   },
   "795":{
      "country_code":"795",
      "currency":"Turkmen manat (inv.)",
      "currency_code":"TMT",
      "currency_sub_unit":"tenge (inv.)",
      "full_name":"Turkmenistan",
      "iso_2":"TM",
      "iso_3":"TKM",
      "name":"Turkmenistan",
      "region_code":"142",
      "sub_region_code":"143",
      "calling_code":"993",
      "currency_symbol":"m"
   },
   "796":{
      "country_code":"796",
      "currency":"US dollar",
      "currency_code":"USD",
      "currency_sub_unit":"cent",
      "full_name":"Turks and Caicos Islands",
      "iso_2":"TC",
      "iso_3":"TCA",
      "name":"Turks and Caicos Islands",
      "region_code":"019",
      "sub_region_code":"029",
      "calling_code":"1",
      "currency_symbol":"$"
   },
   "798":{
      "country_code":"798",
      "currency":"Australian dollar",
      "currency_code":"AUD",
      "currency_sub_unit":"cent",
      "full_name":"Tuvalu",
      "iso_2":"TV",
      "iso_3":"TUV",
      "name":"Tuvalu",
      "region_code":"009",
      "sub_region_code":"061",
      "calling_code":"688",
      "currency_symbol":"$"
   },
   "800":{
      "country_code":"800",
      "currency":"Uganda shilling",
      "currency_code":"UGX",
      "currency_sub_unit":"cent",
      "full_name":"Republic of Uganda",
      "iso_2":"UG",
      "iso_3":"UGA",
      "name":"Uganda",
      "region_code":"002",
      "sub_region_code":"014",
      "calling_code":"256",
      "currency_symbol":"UGX"
   },
   "804":{
      "country_code":"804",
      "currency":"hryvnia",
      "currency_code":"UAH",
      "currency_sub_unit":"kopiyka",
      "full_name":"Ukraine",
      "iso_2":"UA",
      "iso_3":"UKR",
      "name":"Ukraine",
      "region_code":"150",
      "sub_region_code":"151",
      "calling_code":"380",
      "currency_symbol":"\u20b4"
   },
   "807":{
      "country_code":"807",
      "currency":"denar (pl. denars)",
      "currency_code":"MKD",
      "currency_sub_unit":"deni (inv.)",
      "full_name":"the former Yugoslav Republic of Macedonia",
      "iso_2":"MK",
      "iso_3":"MKD",
      "name":"Macedonia, the former Yugoslav Republic of",
      "region_code":"150",
      "sub_region_code":"039",
      "calling_code":"389",
      "currency_symbol":"\u0434\u0435\u043d"
   },
   "818":{
      "country_code":"818",
      "currency":"Egyptian pound",
      "currency_code":"EGP",
      "currency_sub_unit":"piastre",
      "full_name":"Arab Republic of Egypt",
      "iso_2":"EG",
      "iso_3":"EGY",
      "name":"Egypt",
      "region_code":"002",
      "sub_region_code":"015",
      "calling_code":"20",
      "currency_symbol":"\u00a3"
   },
   "826":{
      "country_code":"826",
      "currency":"pound sterling",
      "currency_code":"GBP",
      "currency_sub_unit":"penny (pl. pence)",
      "full_name":"United Kingdom of Great Britain and Northern Ireland",
      "iso_2":"GB",
      "iso_3":"GBR",
      "name":"United Kingdom",
      "region_code":"150",
      "sub_region_code":"154",
      "calling_code":"44",
      "currency_symbol":"\u00a3"
   },
   "831":{
      "country_code":"831",
      "currency":"Guernsey pound (GG2)",
      "currency_code":"GGP (GG2)",
      "currency_sub_unit":"penny (pl. pence)",
      "full_name":"Bailiwick of Guernsey",
      "iso_2":"GG",
      "iso_3":"GGY",
      "name":"Guernsey",
      "region_code":"150",
      "sub_region_code":"154",
      "calling_code":"44",
      "currency_symbol":""
   },
   "832":{
      "country_code":"832",
      "currency":"Jersey pound (JE2)",
      "currency_code":"JEP (JE2)",
      "currency_sub_unit":"penny (pl. pence)",
      "full_name":"Bailiwick of Jersey",
      "iso_2":"JE",
      "iso_3":"JEY",
      "name":"Jersey",
      "region_code":"150",
      "sub_region_code":"154",
      "calling_code":"44",
      "currency_symbol":""
   },
   "833":{
      "country_code":"833",
      "currency":"Manx pound (IM2)",
      "currency_code":"IMP (IM2)",
      "currency_sub_unit":"penny (pl. pence)",
      "full_name":"Isle of Man",
      "iso_2":"IM",
      "iso_3":"IMN",
      "name":"Isle of Man",
      "region_code":"150",
      "sub_region_code":"154",
      "calling_code":"44",
      "currency_symbol":""
   },
   "834":{
      "country_code":"834",
      "currency":"Tanzanian shilling",
      "currency_code":"TZS",
      "currency_sub_unit":"cent",
      "full_name":"United Republic of Tanzania",
      "iso_2":"TZ",
      "iso_3":"TZA",
      "name":"Tanzania, United Republic of",
      "region_code":"002",
      "sub_region_code":"014",
      "calling_code":"255",
      "currency_symbol":"TZS"
   },
   "840":{
      "country_code":"840",
      "currency":"US dollar",
      "currency_code":"USD",
      "currency_sub_unit":"cent",
      "full_name":"United States of America",
      "iso_2":"US",
      "iso_3":"USA",
      "name":"United States",
      "region_code":"019",
      "sub_region_code":"021",
      "calling_code":"1",
      "currency_symbol":"$"
   },
   "850":{
      "country_code":"850",
      "currency":"US dollar",
      "currency_code":"USD",
      "currency_sub_unit":"cent",
      "full_name":"United States Virgin Islands",
      "iso_2":"VI",
      "iso_3":"VIR",
      "name":"Virgin Islands, U.S.",
      "region_code":"019",
      "sub_region_code":"029",
      "calling_code":"1",
      "currency_symbol":"$"
   },
   "854":{
      "country_code":"854",
      "currency":"CFA franc (BCEAO)",
      "currency_code":"XOF",
      "currency_sub_unit":"centime",
      "full_name":"Burkina Faso",
      "iso_2":"BF",
      "iso_3":"BFA",
      "name":"Burkina Faso",
      "region_code":"002",
      "sub_region_code":"011",
      "calling_code":"226",
      "currency_symbol":"XOF"
   },
   "858":{
      "country_code":"858",
      "currency":"Uruguayan peso",
      "currency_code":"UYU",
      "currency_sub_unit":"cent\u00e9simo",
      "full_name":"Eastern Republic of Uruguay",
      "iso_2":"UY",
      "iso_3":"URY",
      "name":"Uruguay",
      "region_code":"019",
      "sub_region_code":"005",
      "calling_code":"598",
      "currency_symbol":"$U"
   },
   "860":{
      "country_code":"860",
      "currency":"sum (inv.)",
      "currency_code":"UZS",
      "currency_sub_unit":"tiyin (inv.)",
      "full_name":"Republic of Uzbekistan",
      "iso_2":"UZ",
      "iso_3":"UZB",
      "name":"Uzbekistan",
      "region_code":"142",
      "sub_region_code":"143",
      "calling_code":"998",
      "currency_symbol":"\u043b\u0432"
   },
   "862":{
      "country_code":"862",
      "currency":"bol\u00edvar fuerte (pl. bol\u00edvares fuertes)",
      "currency_code":"VEF",
      "currency_sub_unit":"c\u00e9ntimo",
      "full_name":"Bolivarian Republic of Venezuela",
      "iso_2":"VE",
      "iso_3":"VEN",
      "name":"Venezuela, Bolivarian Republic of",
      "region_code":"019",
      "sub_region_code":"005",
      "calling_code":"58",
      "currency_symbol":"Bs"
   },
   "876":{
      "country_code":"876",
      "currency":"CFP franc",
      "currency_code":"XPF",
      "currency_sub_unit":"centime",
      "full_name":"Wallis and Futuna",
      "iso_2":"WF",
      "iso_3":"WLF",
      "name":"Wallis and Futuna",
      "region_code":"009",
      "sub_region_code":"061",
      "calling_code":"681",
      "currency_symbol":"XPF"
   },
   "882":{
      "country_code":"882",
      "currency":"tala (inv.)",
      "currency_code":"WST",
      "currency_sub_unit":"sene (inv.)",
      "full_name":"Independent State of Samoa",
      "iso_2":"WS",
      "iso_3":"WSM",
      "name":"Samoa",
      "region_code":"009",
      "sub_region_code":"061",
      "calling_code":"685",
      "currency_symbol":"WS$"
   },
   "887":{
      "country_code":"887",
      "currency":"Yemeni rial",
      "currency_code":"YER",
      "currency_sub_unit":"fils (inv.)",
      "full_name":"Republic of Yemen",
      "iso_2":"YE",
      "iso_3":"YEM",
      "name":"Yemen",
      "region_code":"142",
      "sub_region_code":"145",
      "calling_code":"967",
      "currency_symbol":"\ufdfc"
   },
   "894":{
      "country_code":"894",
      "currency":"Zambian kwacha (inv.)",
      "currency_code":"ZMW",
      "currency_sub_unit":"ngwee (inv.)",
      "full_name":"Republic of Zambia",
      "iso_2":"ZM",
      "iso_3":"ZMB",
      "name":"Zambia",
      "region_code":"002",
      "sub_region_code":"014",
      "calling_code":"260",
      "currency_symbol":"ZK"
   }
}